name,link,origin,birth
+44,/wiki/%2B44_(band),"Los Angeles, California",
3 Doors Down,/wiki/3_Doors_Down,"Escatawpa, Mississippi, U.S.",
3OH!3,/wiki/3OH!3,"Boulder, Colorado, U.S.",
4 Non Blondes,/wiki/4_Non_Blondes,"San Francisco, California, U.S.",
7 Year Bitch,/wiki/7_Year_Bitch,"Seattle, Washington, U.S.",
8stops7,/wiki/8stops7,"Ventura, California, U.S.",
10 Years,/wiki/10_Years_(band),"Knoxville, Tennessee, U.S.",
12 Stones,/wiki/12_Stones,"Mandeville, Louisiana, US",
13 Engines,/wiki/13_Engines,"Toronto, Ontario, Canada",
54-40,/wiki/54-40_(band),"Tsawwassen, British Columbia, Canada",
The 77s,/wiki/The_77s,"Sacramento, California, U.S.",
311,/wiki/311_(band),"Omaha, Nebraska, U.S.",
The 1975,/wiki/The_1975,"Wilmslow, England",
"10,000 Maniacs","/wiki/10,000_Maniacs","Jamestown, New York, United States",
A,/wiki/A_(band),"Suffolk, UK",
A Day to Remember,/wiki/A_Day_to_Remember,"Ocala, Florida, U.S.",
A Perfect Circle,/wiki/A_Perfect_Circle,"Los Angeles, California, U.S.",
A Rocket to the Moon,/wiki/A_Rocket_to_the_Moon,"Braintree, Massachusetts, United States",
A Silent Film,/wiki/A_Silent_Film,"Oxford, England",
Aaroh,/wiki/Aaroh,"Karachi, Sindh, Pakistan",
Abandoned Pools,/wiki/Abandoned_Pools,"Los Angeles, California, U.S.","Thousand Oaks, California"
The Academy Is...,/wiki/The_Academy_Is...,"Chicago, Illinois, U.S.",
Acceptance,/wiki/Acceptance_(band),"Seattle, Washington, U.S.",
The Accidentals,/wiki/The_Accidentals,"Traverse City, Michigan, United States",
The Aces,/wiki/The_Aces_(indie_pop_band),"Provo, Utah, U.S.",
Adam Again,/wiki/Adam_Again,"Huntington Beach, California, United States",
Adam Gontier,/wiki/Adam_Gontier,,"Peterborough, Ontario"
Adorable,/wiki/Adorable_(band),"Coventry, England",
The Afghan Whigs,/wiki/The_Afghan_Whigs,"Cincinnati, Ohio, U.S.",
AFI,/wiki/AFI_(band),"Ukiah, California, U.S.",
After Midnight Project,/wiki/After_Midnight_Project,"Los Angeles, California",
Against Me!,/wiki/Against_Me!,"Naples, Florida, US",
Against the Current,/wiki/Against_the_Current_(band),"Poughkeepsie, New York, U.S.",
Age of Chance,/wiki/Age_of_Chance,"Leeds, West Yorkshire, England",
The Age of Information,/wiki/The_Age_of_Information,"Little Rock, Arkansas, U.S.",
Air,/wiki/Air_(French_band),"Versailles, Île-de-France, France",
The Airborne Toxic Event,/wiki/The_Airborne_Toxic_Event,"Los Angeles, California, U.S.",
Alanis Morissette,/wiki/Alanis_Morissette,,Ottawa
The Alarm,/wiki/The_Alarm,"Rhyl, Wales",
Alex Clare,/wiki/Alex_Clare,"Golders Green, London, England","Southwark, London"
Alex Chilton,/wiki/Alex_Chilton,,Memphis
Alice in Chains,/wiki/Alice_in_Chains,"Seattle, Washington, U.S.",
Alien Ant Farm,/wiki/Alien_Ant_Farm,"Riverside, California, U.S.",
Alkaline Trio,/wiki/Alkaline_Trio,"Chicago, Illinois, U.S.",
The All-American Rejects,/wiki/The_All-American_Rejects,"Stillwater, Oklahoma, U.S.",
All Time Low,/wiki/All_Time_Low,"Towson, Maryland, U.S.",
The Almost,/wiki/The_Almost,"Clearwater, Florida, U.S.",
Alpha Rev,/wiki/Alpha_Rev,"Austin, Texas, United States",
Alt-J,/wiki/Alt-J,"Leeds, England",
Alter Bridge,/wiki/Alter_Bridge,"Orlando, Florida, U.S.",
Alvvays,/wiki/Alvvays,"Charlottetown, Prince Edward Island, Canada",
The American Analog Set,/wiki/The_American_Analog_Set,"Austin, Texas",
American Authors,/wiki/American_Authors,"Boston, Massachusetts, United States",
American Hi-Fi,/wiki/American_Hi-Fi,"Boston, Massachusetts, United States",
American Standards,/wiki/American_Standards,"Phoenix, Arizona, U.S.",
Amplifier,/wiki/Amplifier_(band),"Manchester, England",
The Amps,/wiki/The_Amps,"Dayton, Ohio, U.S.",
Anathema,/wiki/Anathema_(band),"Liverpool, Merseyside, England",
Anberlin,/wiki/Anberlin,"Winter Haven, Florida, U.S.",
Andy Biersack,/wiki/Andy_Biersack,,"Cincinnati, Ohio"
Angels & Airwaves,/wiki/Angels_%26_Airwaves,"San Diego, California, U.S.",
APB,/wiki/APB_(band),"Aberdeenshire, Scotland",
The Apex Theory,/wiki/The_Apex_Theory,"Los Angeles, California, U.S.",
The Apples in Stereo,/wiki/The_Apples_in_Stereo,"Denver, Colorado, U.S.",
Arcade Fire,/wiki/Arcade_Fire,"Montreal, Quebec, Canada",
Arcane Roots,/wiki/Arcane_Roots,"Kingston upon Thames, England",
Architecture in Helsinki,/wiki/Architecture_in_Helsinki_(band),"Fitzroy, Victoria, Australia",
Arctic Monkeys,/wiki/Arctic_Monkeys,"Sheffield, England",
Area 11,/wiki/Area_11_(band),"Nottingham, England",
Arkells,/wiki/Arkells,"Hamilton, Ontario, Canada",
Armor For Sleep,/wiki/Armor_For_Sleep,"New Jersey, United States",
ArmsBendBack,/wiki/ArmsBendBack,"Philadelphia, Pennsylvania[1]",
As Tall As Lions,/wiki/As_Tall_As_Lions,"Long Island, New York",
Ash,/wiki/Ash_(band),"Downpatrick, County Down, Northern Ireland",
Asian Kung-Fu Generation,/wiki/Asian_Kung-Fu_Generation,"Yokohama, Japan",
The Asteroids Galaxy Tour,/wiki/The_Asteroids_Galaxy_Tour,"Copenhagen, Denmark",
At the Drive-In,/wiki/At_the_Drive-In,"El Paso, Texas, U.S.",
The Ataris,/wiki/The_Ataris,"Anderson, Indiana, U.S.",
Athlete,/wiki/Athlete_(band),"Deptford, London, England",
Atlas Genius,/wiki/Atlas_Genius,"Adelaide, South Australia, Australia",
Atom Smash,/wiki/Atom_Smash,"Miami, Florida",
Audioslave,/wiki/Audioslave,"Glendale, California, U.S.",
The Auteurs,/wiki/The_Auteurs,"London, England",
Autolux,/wiki/Autolux,"Los Angeles, California, U.S.",
Avril Lavigne,/wiki/Avril_Lavigne,,"Belleville, Ontario"
Awolnation,/wiki/Awolnation,"Los Angeles, California, U.S.",
B-52s,/wiki/B-52s,"Athens, Georgia, U.S.",
Babes in Toyland,/wiki/Babes_in_Toyland_(band),"Minneapolis, Minnesota, U.S.",
Baby Chaos,/wiki/Baby_Chaos,"Glasgow, Scotland",
Bad Books,/wiki/Bad_Books_(band),"Atlanta, Georgia / Brooklyn, New York, United States",
Bad Suns,/wiki/Bad_Suns,"Woodland Hills, California, U.S.",
Badflower,/wiki/Badflower,"Los Angeles, California, U.S.",
Balance and Composure,/wiki/Balance_and_Composure,"Doylestown, Pennsylvania, U.S.",
Band of Horses,/wiki/Band_of_Horses,"Seattle, Washington(now based in Charleston, South Carolina)",
Barenaked Ladies,/wiki/Barenaked_Ladies,"Scarborough, Ontario, Canada",
Baryonyx,/wiki/Baryonyx_(band),Italy,
Bastille,/wiki/Bastille_(band),"London, England",
Battles,/wiki/Battles_(band),"New York City, United States",
Bayside,/wiki/Bayside_(band),"New York City, U.S.",
Be Your Own Pet,/wiki/Be_Your_Own_Pet,"Nashville, Tennessee, U.S.",
Beady Eye,/wiki/Beady_Eye,"London, England",
Beastie Boys,/wiki/Beastie_Boys,"New York City, U.S.",
Beck,/wiki/Beck,,Los Angeles
Beirut,/wiki/Beirut_(band),"Santa Fe, New Mexico, U.S.",
The Belltower,/wiki/The_Belltower,"New York City, New York, USA",
Belly,/wiki/Belly_(band),"Newport, Rhode Island, United States",
Ben Folds Five,/wiki/Ben_Folds_Five,"Chapel Hill, North Carolina, U.S.",
Ben Kweller,/wiki/Ben_Kweller,"Greenville, Texas",
Benjamin Burnley,/wiki/Benjamin_Burnley,,"Atlantic City, New Jersey"
Beth Orton,/wiki/Beth_Orton,"Norwich, England","[1], Dereham"
Better Than Ezra,/wiki/Better_Than_Ezra,"Baton Rouge, Louisiana, U.S.",
Beware of Darkness,/wiki/Beware_of_Darkness_(band),"Santa Barbara, California, U.S.",
Bif Naked,/wiki/Bif_Naked,"Winnipeg, Manitoba, Canada","New Delhi, Delhi"
Biffy Clyro,/wiki/Biffy_Clyro,"Kilmarnock, East Ayrshire, Scotland",
Big Black,/wiki/Big_Black,"Evanston, Illinois, U.S.",
Big Dipper,/wiki/Big_Dipper_(band),"Boston, Massachusetts, United States",
Big Wreck,/wiki/Big_Wreck,"Boston, Massachusetts, United States",
The Big Pink,/wiki/The_Big_Pink,"London, England",
Billie Joe Armstrong,/wiki/Billie_Joe_Armstrong,,"Oakland, California"
Billy Corgan,/wiki/Billy_Corgan,,"Chicago, Illinois"
Billy Talent,/wiki/Billy_Talent,"Mississauga, Ontario, Canada",
The Birds of Satan,/wiki/The_Birds_of_Satan,"Los Angeles, CA",
Birds of Tokyo,/wiki/Birds_of_Tokyo,"Perth, Western Australia",
Björk,/wiki/Bj%C3%B6rk,,Reykjavík
The Black Crowes,/wiki/The_Black_Crowes,"Atlanta, Georgia, U.S.",
The Black Keys,/wiki/The_Black_Keys,"Akron, Ohio, U.S.",
Black Kids,/wiki/Black_Kids,"Jacksonville, Florida",
Black Light Burns,/wiki/Black_Light_Burns,"Los Angeles, California, U.S.",
Black Rebel Motorcycle Club,/wiki/Black_Rebel_Motorcycle_Club,"San Francisco, California, U.S.",
Bleachers,/wiki/Bleachers_(band),"Bergenfield, New Jersey, U.S.",
Blind Melon,/wiki/Blind_Melon,"Los Angeles, California, U.S.",
Blind Pilot,/wiki/Blind_Pilot,"Astoria, Oregon",
Blindside,/wiki/Blindside_(band),"Stockholm, Sweden",
Blink-182,/wiki/Blink-182,"Poway, California, U.S.",
Bloc Party,/wiki/Bloc_Party,"London, England",
Blonde Redhead,/wiki/Blonde_Redhead,"New York City, New York, United States",
Blood Red Shoes,/wiki/Blood_Red_Shoes,"Brighton, England",
Bloodhound Gang,/wiki/Bloodhound_Gang,"Pennsylvania, U.S.",
Blue October,/wiki/Blue_October,"Houston, Texas, U.S.",
The Bluebells,/wiki/The_Bluebells,Scotland,
Blumfeld,/wiki/Blumfeld,"Hamburg, Germany",
Blues Traveler,/wiki/Blues_Traveler,"Princeton, New Jersey, U.S.",
Blur,/wiki/Blur_(band),"London, England",
Bob Mould,/wiki/Bob_Mould,,"[1], Malone, New York"
Bodyjar,/wiki/Bodyjar,"Melbourne, Victoria, Australia",
The Bolshoi,/wiki/The_Bolshoi,"Trowbridge, Wiltshire, England",
Bon Iver,/wiki/Bon_Iver,"Eau Claire, Wisconsin, U.S.",
Bono,/wiki/Bono,"Dublin, Ireland","Dublin, Ireland"
The Boo Radleys,/wiki/The_Boo_Radleys,"Wallasey, England",
Bowling For Soup,/wiki/Bowling_For_Soup,"Wichita Falls, Texas, U.S.",
Boys Like Girls,/wiki/Boys_Like_Girls,"Andover,[1] Massachusetts, U.S.",
Bracket,/wiki/Bracket_(band),"Forestville, California, United States",
Brand New,/wiki/Brand_New_(band),"Long Island, New York, U.S.",
Brandon Flowers,/wiki/Brandon_Flowers,,"Henderson, Nevada"
The Bravery,/wiki/The_Bravery,"New York City, New York, U.S.",
Breaking Benjamin,/wiki/Breaking_Benjamin,"Wilkes-Barre, Pennsylvania, U.S.",
The Breeders,/wiki/The_Breeders,"Dayton, Ohio, U.S.",
Brendon Urie,/wiki/Brendon_Urie,"Las Vegas, Nevada, U.S.","St. George, Utah"
Bring Me the Horizon,/wiki/Bring_Me_the_Horizon,"Sheffield, South Yorkshire, England",
Broder Daniel,/wiki/Broder_Daniel,"Göteborg, Sweden",
Brother Cane,/wiki/Brother_Cane,"Birmingham, Alabama, U.S.",
Brymo,/wiki/Brymo,,"Okokomaiko, Ojo, Lagos State"
The Buck Pets,/wiki/The_Buck_Pets,"Dallas, Texas, United States",
Buffalo Tom,/wiki/Buffalo_Tom,"Boston, Massachusetts, United States",
Bully,/wiki/Bully_(band),"Nashville, Tennessee, U.S.",
Bush,/wiki/Bush_(British_band),"London, England",
Butthole Surfers,/wiki/Butthole_Surfers,"San Antonio, Texas, U.S.",
The Cab,/wiki/The_Cab,"Las Vegas, Nevada, U.S.",
Caesars,/wiki/Caesars_(band),"Stockholm, Sweden",
Cage the Elephant,/wiki/Cage_the_Elephant,"Bowling Green, Kentucky, U.S.",
Cake,/wiki/Cake_(band),"Sacramento, California, U.S.",
The Calling,/wiki/The_Calling_(band),"Los Angeles, California, U.S.",
Camper Van Beethoven,/wiki/Camper_Van_Beethoven,"Redlands, California, U.S.",
Candlebox,/wiki/Candlebox,"Seattle, Washington",
Candy Flip,/wiki/Candy_Flip,"Stoke-on-Trent, England",
Canterbury,/wiki/Canterbury_(band),"Basingstoke, Hampshire, England",
Carbon Leaf,/wiki/Carbon_Leaf,"Richmond, Virginia",
The Cardigans,/wiki/The_Cardigans,"Jönköping, Sweden",
Caribou,/wiki/Dan_Snaith,"Dundas, Ontario, Canada",
Carolina Liar,/wiki/Carolina_Liar,"Moncks Corner, South Carolina, U.S.Stockholm, Sweden",
Cartel,/wiki/Cartel_(band),"Conyers, Georgia, U.S.",
Carter the Unstoppable Sex Machine,/wiki/Carter_the_Unstoppable_Sex_Machine,"London, England",
Cast,/wiki/Cast_(band),"Liverpool, England",
The Cat Empire,/wiki/The_Cat_Empire,"Melbourne, Victoria, Australia",
Cat Power,/wiki/Cat_Power,,"Atlanta, Georgia"
Catatonia,/wiki/Catatonia_(band),"Cardiff, Wales",
Catherine,/wiki/Catherine_(alternative_rock_band),"Chicago, Illinois, U.S.",
Catherine Wheel,/wiki/Catherine_Wheel_(band),"Great Yarmouth, England, United Kingdom",
Cave In,/wiki/Cave_In,"Methuen, Massachusetts, U.S.",
Caveman,/wiki/Caveman_(American_band),"Brooklyn, New York, United States",
Cell,/wiki/Cell_(American_band),"New York City, New York, USA",
Chad Kroeger,/wiki/Chad_Kroeger,,"Hanna, Alberta"
The Charlatans,/wiki/The_Charlatans_(English_band),"West Midlands, England",
Charlie Simpson,/wiki/Charlie_Simpson,,"Woodbridge, Suffolk"
Chevelle,/wiki/Chevelle_(band),"Grayslake, Illinois, U.S.",
The Chills,/wiki/The_Chills,"Dunedin, South Island, New Zealand",
Chimera,/wiki/Chimera_(Russian_band),"St. Petersburg, Russia",
Chris Cornell,/wiki/Chris_Cornell,,"Seattle, Washington"
Chris Martin,/wiki/Chris_Martin,"London, England","Exeter, Devon"
Chumbawamba,/wiki/Chumbawamba,"Burnley, Lancashire, and Leeds, West Yorkshire, England",
The Church,/wiki/The_Church_(band),"Sydney, Australia",
Chvrches,/wiki/Chvrches,"Glasgow, Scotland",
The Cinematics,/wiki/The_Cinematics,"Glasgow, Scotland, UK",
Circa Survive,/wiki/Circa_Survive,"Philadelphia, Pennsylvania, U.S.",
Circus Diablo,/wiki/Circus_Diablo,"Los Angeles, California, U.S.",
Citizen Cope,/wiki/Citizen_Cope,"Washington, D.C., U.S.","Memphis, Tennessee"
Citizen King,/wiki/Citizen_King,"Milwaukee, Wisconsin, United States",
Civil Twilight,/wiki/Civil_Twilight_(band),"Cape Town, South Africa",
Clap Your Hands Say Yeah,/wiki/Clap_Your_Hands_Say_Yeah,"Philadelphia, PennsylvaniaBrooklyn, New York, U.S.",
The Classic Crime,/wiki/The_Classic_Crime,"Seattle, Washington, US",
Cloud Control,/wiki/Cloud_Control,"Blue Mountains, NSW, Australia",
Cloud Nothings,/wiki/Cloud_Nothings,"Cleveland, Ohio, U.S.",
The Clouds,/wiki/The_Clouds_(Australian_band),"Sydney, Australia",
Cobra Starship,/wiki/Cobra_Starship,"New York City, New York, United States",
Coheed and Cambria,/wiki/Coheed_and_Cambria,"Nyack, New York, United States",
Cold,/wiki/Cold_(band),"Jacksonville, Florida, U.S.",
Cold War Kids,/wiki/Cold_War_Kids,"Long Beach, California, U.S.",
Coldplay,/wiki/Coldplay,"London, England",
Coldrain,/wiki/Coldrain,"Nagoya, Aichi, Japan",
Collective Soul,/wiki/Collective_Soul,"Stockbridge, Georgia, U.S.",
The Colourist,/wiki/The_Colourist,"Orange County, California, U.S.",
Company of Thieves,/wiki/Company_of_Thieves_(band),"Chicago, Illinois, United States",
Concrete Blonde,/wiki/Concrete_Blonde,"Los Angeles, California",
The Connells,/wiki/The_Connells,"Raleigh, North Carolina, United States",
The Constellations,/wiki/The_Constellations,"Atlanta, Georgia, U.S.",
Copeland,/wiki/Copeland_(band),"Lakeland, Florida, US",
The Coral Sea,/wiki/The_Coral_Sea_(band),"California, United States",
Counting Crows,/wiki/Counting_Crows,"San Francisco Bay Area, California, United States",
Courtney Love,/wiki/Courtney_Love,"Portland, Oregon, U.S.","San Francisco, California"
The Cramps,/wiki/The_Cramps,"New York City, U.S.",
The Cranberries,/wiki/The_Cranberries,"Limerick, Ireland",
Crash Test Dummies,/wiki/Crash_Test_Dummies,"Winnipeg, Manitoba, Canada",
The Creatures,/wiki/The_Creatures,"London, England",
Creed,/wiki/Creed_(band),"Tallahassee, Florida, U.S.",
The Cribs,/wiki/The_Cribs,"Wakefield, England",
Croc Shop,/wiki/Croc_Shop,"New Jersey, U.S.A.Berlin, Germany",
Crossfade,/wiki/Crossfade_(band),"Columbia, South Carolina, U.S.",
Crowded House,/wiki/Crowded_House,"Melbourne, Victoria, Australia",
Crystal Antlers,/wiki/Crystal_Antlers,"Long Beach, California",
Crystal Castles,/wiki/Crystal_Castles,"Toronto, Ontario, Canada",
The Cult,/wiki/The_Cult,"Bradford, England",
Cults,/wiki/Cults_(band),"Manhattan, New York, U.S.",
The Cure,/wiki/The_Cure,"Crawley, West Sussex, England",
Curve,/wiki/Curve_(band),"London, England",
Cute Is What We Aim For,/wiki/Cute_Is_What_We_Aim_For,"Buffalo, New York, United States",
Cymbals Eat Guitars,/wiki/Cymbals_Eat_Guitars,New York City,
Daisy Chainsaw,/wiki/Daisy_Chainsaw,"London, England, United Kingdom",
The Damned,/wiki/The_Damned_(band),"London, England",
Dan Auerbach,/wiki/Dan_Auerbach,,"Wooster, Ohio"
Dan Reynolds,/wiki/Dan_Reynolds_(singer),,"Las Vegas, Nevada"
The Dandy Warhols,/wiki/The_Dandy_Warhols,"Portland, Oregon, United States",
The Dangerous Summer,/wiki/The_Dangerous_Summer_(band),"Ellicott City, Maryland, U.S.",
Daniel Amos,/wiki/Daniel_Amos,"Southern California, U.S.",
Daniel Johnston,/wiki/Daniel_Johnston,"New Cumberland, West Virginia, U.S.","[1], Sacramento, California"
Dark New Day,/wiki/Dark_New_Day,United States,
The Darling Buds,/wiki/The_Darling_Buds,"Newport, Wales",
Das Damen,/wiki/Das_Damen,"New York City, U.S.",
Dashboard Confessional,/wiki/Dashboard_Confessional,"Boca Raton, Florida, U.S.",
The Datsuns,/wiki/The_Datsuns,"Cambridge, New Zealand",
Daughtry,/wiki/Daughtry_(band),"McLeansville, North Carolina, U.S.",
Dave Gahan,/wiki/Dave_Gahan,,"Epping, Essex"
Dave Grohl,/wiki/Dave_Grohl,"Washington, D.C.","Warren, Ohio"
Dave Matthews Band,/wiki/Dave_Matthews_Band,"Charlottesville, Virginia, U.S.",
Dave Navarro,/wiki/Dave_Navarro,,"Santa Monica, California"
Davey Havok,/wiki/Davey_Havok,"Ukiah, California, U.S.","Rochester, New York"
Days Of The New,/wiki/Days_Of_The_New,"Charlestown, Indiana, U.S.",
The dB's,/wiki/The_dB%27s,New York City,
Deacon Blue,/wiki/Deacon_Blue,"Glasgow, Scotland",
Dead by Sunrise,/wiki/Dead_by_Sunrise,"Los Angeles, California, U.S.",
Dead Letter Circus,/wiki/Dead_Letter_Circus,"Brisbane, Queensland, Australia",
The Dead Milkmen,/wiki/The_Dead_Milkmen,"Philadelphia, Pennsylvania, U.S.",
Dead Poetic,/wiki/Dead_Poetic,"Dayton, Ohio, U.S.",
Dead Sara,/wiki/Dead_Sara,"Los Angeles, California, U.S.",
The Dead Weather,/wiki/The_Dead_Weather,"Nashville, Tennessee, U.S.",
The Deadly Syndrome,/wiki/The_Deadly_Syndrome,"Los Angeles, California",
Deaf Havana,/wiki/Deaf_Havana,"Hunstanton and King's Lynn, Norfolk, England",
The Dear Hunter,/wiki/The_Dear_Hunter,"Providence, Rhode Island, U.S.",
Deas Vail,/wiki/Deas_Vail,"Russellville, Arkansas",
Death Cab for Cutie,/wiki/Death_Cab_for_Cutie,"Bellingham, Washington, U.S.",
The Decemberists,/wiki/The_Decemberists,"Portland, Oregon, U.S.",
Deep Blue Something,/wiki/Deep_Blue_Something,"Denton, Texas, U.S.",
Deerhunter,/wiki/Deerhunter,"Atlanta, Georgia, United States",
Default,/wiki/Default_(band),"Vancouver, British Columbia, Canada",
Deftones,/wiki/Deftones,"Sacramento, California, U.S.",
The Del Fuegos,/wiki/The_Del_Fuegos,"Boston, Massachusetts, United States",
The Delgados,/wiki/The_Delgados,"Glasgow, Scotland",
Demon Hunter,/wiki/Demon_Hunter_(band),"Seattle, Washington, U.S.",
Depeche Mode,/wiki/Depeche_Mode,"Basildon, Essex, England",
Deryck Whibley,/wiki/Deryck_Whibley,,"Scarborough, Ontario, [1]"
Di-rect,/wiki/Di-rect,"The Hague, Netherlands",
Die Kreuzen,/wiki/Die_Kreuzen,"Rockford, Illinois, U.S.",
DIIV,/wiki/DIIV,"New York City, New York, U.S.",
Dinosaur Jr.,/wiki/Dinosaur_Jr.,"Amherst, Massachusetts, U.S.",
The Dirty Heads,/wiki/The_Dirty_Heads,"Huntington Beach, California, U.S.",
Dirty Projectors,/wiki/Dirty_Projectors,"Brooklyn, New York, U.S.",
Dishwalla,/wiki/Dishwalla,"Santa Barbara, California, U.S.",
Dispatch,/wiki/Dispatch_(band),"Middlebury, Vermont, U.S.",
The Dodos,/wiki/The_Dodos,"San Francisco, California, United States",
The Donnas,/wiki/The_Donnas,"Palo Alto, California, U.S.",
doubleDrive,/wiki/DoubleDrive,"Atlanta, Georgia, U.S.",
Dr. Dog,/wiki/Dr._Dog,"Philadelphia, Pennsylvania, United States",
The Dream Academy,/wiki/The_Dream_Academy,"London, England",
Dredg,/wiki/Dredg,"Los Gatos, California, U.S.",
The Drums,/wiki/The_Drums,"Brooklyn, New York, United States",
Dum Dum Girls,/wiki/Dum_Dum_Girls,"Los Angeles, California",
Duran Duran,/wiki/Duran_Duran,"Birmingham, England",
Dutch Uncles,/wiki/Dutch_Uncles,"Marple, Stockport, England",
Eagle-Eye Cherry,/wiki/Eagle-Eye_Cherry,"Stockholm, Sweden",[1]
The Early November,/wiki/The_Early_November,"Hammonton, New Jersey, U.S.",
Eddie Vedder,/wiki/Eddie_Vedder,,"Evanston, Illinois"
Editors,/wiki/Editors_(band),"Moseley, Birmingham, England",
Edwyn Collins,/wiki/Edwyn_Collins,,Edinburgh
Eels,/wiki/Eels_(band),"Los Feliz, Los Angeles, California, U.S.",
Eisley,/wiki/Eisley,"Tyler, Texas, U.S.",
Elastica,/wiki/Elastica,"London, England",
Elbow,/wiki/Elbow_(band),"Bury, Greater Manchester, England",
Eleanor Friedberger,/wiki/Eleanor_Friedberger,"Oak Park, Illinois",
Electrasy,/wiki/Electrasy,"Dorset, England",
Electronic,/wiki/Electronic_(band),"Manchester and Salford, England",
Eleventh Dream Day,/wiki/Eleventh_Dream_Day,"Chicago, Illinois, U.S.",
The Elms,/wiki/The_Elms_(band),"Indiana, U.S.",
Emery,/wiki/Emery_(band),"Rock Hill, South Carolina, U.S.",
Emiliana Torrini,/wiki/Emiliana_Torrini,"Kópavogur, Iceland",
Emily Haines & the Soft Skeleton,/wiki/Emily_Haines,"Toronto, Ontario, Canada",
Enter Shikari,/wiki/Enter_Shikari,"St Albans, England",
Envy on the Coast,/wiki/Envy_on_the_Coast,"Long Island, New York",
Eraserheads,/wiki/Eraserheads,"Quezon City, Philippines",
Evanescence,/wiki/Evanescence,"Little Rock, Arkansas, U.S.",
Evans Blue,/wiki/Evans_Blue,"Toronto, Ontario, Canada",
Eve 6,/wiki/Eve_6,"La Crescenta-Montrose, California, U.S.",
Everclear,/wiki/Everclear_(band),"Portland, Oregon, U.S.",
Every Avenue,/wiki/Every_Avenue,"Marysville, Michigan",
Everything Everything,/wiki/Everything_Everything,"Manchester, United Kingdom",
The Exies,/wiki/The_Exies,"Los Angeles, California, U.S.",
The Exit,/wiki/The_Exit,"New York City, U.S.",
The Explosion,/wiki/The_Explosion,"Boston, Massachusetts, United States",
Explosions in the Sky,/wiki/Explosions_in_the_Sky,"Austin, Texas, United StatesMidland, Texas, United States",
Failure,/wiki/Failure_(band),"Los Angeles, California, U.S.",
Faith No More,/wiki/Faith_No_More,"San Francisco, California, U.S.",
The Fall,/wiki/The_Fall_(band),"Prestwich, Greater Manchester, England",
Fall Out Boy,/wiki/Fall_Out_Boy,"Wilmette, Illinois, U.S.",
Falling in Reverse,/wiki/Falling_in_Reverse,"Las Vegas, Nevada, U.S.",
Far-Less,/wiki/Far-Less,"Blacksburg/Marion/Pulaski, Virginia, US",
Fastball,/wiki/Fastball_(band),"Austin, Texas, United States",
Fatboy Slim,/wiki/Fatboy_Slim,,"Bromley, Kent"
Fatherson,/wiki/Fatherson,"Kilmarnock, East Ayrshire, Scotland",
The Fatima Mansions,/wiki/The_Fatima_Mansions,"Cork, Ireland",
Fearless Vampire Killers,/wiki/Fearless_Vampire_Killers_(band),"Beccles, England",
Feeder,/wiki/Feeder_(band),"Newport, Wales",
The Feelies,/wiki/The_Feelies,"Haledon, New Jersey, United States",
Feist,/wiki/Feist_(singer),"Calgary, Alberta, Canada","Amherst, Nova Scotia"
Fiction Plane,/wiki/Fiction_Plane,"London, England",
The Fiery Furnaces,/wiki/The_Fiery_Furnaces,"New York City, New York, U.S.",
Fightstar,/wiki/Fightstar,"London, England",
Filter,/wiki/Filter_(band),"Cleveland, Ohio, U.S.",
Fine Young Cannibals,/wiki/Fine_Young_Cannibals,"Birmingham, England",
Finch,/wiki/Finch_(American_band),"Temecula, California, U.S.",
Finger Eleven,/wiki/Finger_Eleven,"Burlington, Ontario, Canada",
Fishbone,/wiki/Fishbone,"Los Angeles, California, U.S.",
Fitz and the Tantrums,/wiki/Fitz_and_the_Tantrums,"Los Angeles, California, U.S.",
The Flaming Lips,/wiki/The_Flaming_Lips,"Oklahoma City, Oklahoma, U.S.",
Fleet Foxes,/wiki/Fleet_Foxes,"Seattle, Washington, U.S.",
Flight of the Conchords,/wiki/Flight_of_the_Conchords,"Wellington, New Zealand",
Flobots,/wiki/Flobots,"Denver, Colorado, US",
Flor,/wiki/Flor_(band),"Hood River, Oregon, United States[1]",
Florence and the Machine,/wiki/Florence_and_the_Machine,"London, England",
Flow,/wiki/Flow_(Japanese_band),Japan,
Flyleaf,/wiki/Flyleaf_(band),"Belton, Texas, U.S.",
Foals,/wiki/Foals_(band),"Oxford, England",
Folk Implosion,/wiki/Folk_Implosion,"Boston, Massachusetts",
Foo Fighters,/wiki/Foo_Fighters,"Seattle, Washington, U.S.",
Fool's Garden,/wiki/Fool%27s_Garden,"Pforzheim, Germany",
For Against,/wiki/For_Against,"Lincoln, Nebraska, United States",
Forever The Sickest Kids,/wiki/Forever_The_Sickest_Kids,"Dallas, Texas, United States",
The Format,/wiki/The_Format,"Peoria, Arizona, U.S.",
Forty Foot Echo,/wiki/Forty_Foot_Echo,"Vancouver, British Columbia, Canada",
Foster the People,/wiki/Foster_the_People,"Los Angeles, California, U.S.",
Fountains of Wayne,/wiki/Fountains_of_Wayne,"New York City, U.S.",
The Frames,/wiki/The_Frames,"Dublin, Ireland",
Framing Hanley,/wiki/Framing_Hanley,"Nashville, Tennessee, U.S.",
Frank Black and the Catholics,/wiki/Frank_Black,,"Boston, Massachusetts"
Frank Iero,/wiki/Frank_Iero,,"Belleville, New Jersey"
Frank Turner,/wiki/Frank_Turner,"Meonstoke, Hampshire, England",Manama
Franz Ferdinand,/wiki/Franz_Ferdinand_(band),"Glasgow, Scotland",
The Fratellis,/wiki/The_Fratellis,"Glasgow, Scotland",
The Fray,/wiki/The_Fray,"Denver, Colorado, U.S.",
Freelance Whales,/wiki/Freelance_Whales,"Queens, New York, United States",
Frente!,/wiki/Frente!,"Melbourne, Victoria, Australia",
The Front Bottoms,/wiki/The_Front_Bottoms,"Woodcliff Lake, New Jersey, United States",
Fuel,/wiki/Fuel_(band),"Harrisburg, Pennsylvania, U.S.",
Fugazi,/wiki/Fugazi,"Washington, D.C., United States",
Fun,/wiki/Fun_(band),"New York City, U.S.",
Fun Lovin Criminals,/wiki/Fun_Lovin_Criminals,"New York City, U.S.",
Funeral For A Friend,/wiki/Funeral_For_A_Friend,"Bridgend, Wales",
Funeral Party,/wiki/Funeral_Party,"Whittier, California, U.S.",
Further Seems Forever,/wiki/Further_Seems_Forever,"Pompano Beach, Florida, U.S.",
The Futureheads,/wiki/The_Futureheads,"Sunderland, England",
The Gandharvas,/wiki/The_Gandharvas,"London, Ontario, Canada",
Gang Gang Dance,/wiki/Gang_Gang_Dance,"New York City, U.S.",
Garbage,/wiki/Garbage_(band),"Madison, Wisconsin, U.S.",
Garrett Borns,/wiki/Garrett_Borns,"Grand Haven, Michigan, U.S.","Muskegon, Michigan"
Gary Lightbody,/wiki/Gary_Lightbody,,"Bangor, County Down"
The Gaslight Anthem,/wiki/The_Gaslight_Anthem,"New Brunswick, New Jersey, United States",
Gerard Way,/wiki/Gerard_Way,,"Summit, New Jersey"
The Get Up Kids,/wiki/The_Get_Up_Kids,"Kansas City, U.S.",
Giant Drag,/wiki/Giant_Drag,"Los Angeles, California, U.S.",
Gin Blossoms,/wiki/Gin_Blossoms,"Tempe, Arizona, U.S.",
